<?xml version="1.0" encoding="UTF-8"?>
<beans xmlns="http://www.springframework.org/schema/beans"
       xmlns:xsi="http://www.w3.org/2001/XMLSchema-instance"
       xmlns:context="http://www.springframework.org/schema/context" 
       xmlns:tx="http://www.springframework.org/schema/tx"
       xmlns:aop="http://www.springframework.org/schema/aop"
       xsi:schemaLocation="http://www.springframework.org/schema/beans 
       http://www.springframework.org/schema/beans/spring-beans.xsd 
       http://www.springframework.org/schema/context 
       http://www.springframework.org/schema/context/spring-context.xsd 
       http://www.springframework.org/schema/tx 
       http://www.springframework.org/schema/tx/spring-tx.xsd
       http://www.springframework.org/schema/aop
       http://www.springframework.org/schema/aop/spring-aop.xsd">

	<!-- part1 -->
	<!-- 配置连接池 -->
	<!-- 引入外部属性文件 -->
	<context:property-placeholder location="classpath:jdbc.properties"/>
	
	<!-- 配置c3p0 -->
	<bean id="dataSource" class="com.mchange.v2.c3p0.ComboPooledDataSource">
		<property name="driverClass" value="${jdbc.driver}"/>
		<property name="jdbcUrl" value="${jdbc.url}"/>
		<property name="user" value="${jdbc.user}"/>
		<property name="password" value="${jdbc.password}"/>	
	</bean>
	
	<!-- hibernate的相关信息 -->
	<bean id="sessionFactory" class="org.springframework.orm.hibernate3.LocalSessionFactoryBean">
		<!-- 注入连接池 -->
		<property name="dataSource" ref="dataSource"/>
		<property name="hibernateProperties">
			<props>
				<prop key="hibernate.dialect">org.hibernate.dialect.MySQLDialect</prop>
				<prop key="hibernate.show_sql">true</prop>
				<prop key="hibernate.format_sql">true</prop>
				<prop key="hibernate.connection.autocommit">false</prop>
				<prop key="hibernate.hbm2ddl.auto">update</prop>
			</props>
		</property>
		<!-- 配置hibernate的映射文件 -->
		<property name="mappingResources">
			<list>
				<value>com/sdu/covid2019/vo/Category.hbm.xml</value>
				<value>com/sdu/covid2019/vo/Info.hbm.xml</value>
			</list>	
		</property>
		
	</bean>
	
	<!-- 事务管理 (method:注解) -->
	<!-- 事物管理器 -->
    <bean id="transactionManager" class="org.springframework.orm.hibernate3.HibernateTransactionManager">
        <property name="sessionFactory" ref="sessionFactory" />
    </bean>
    <!-- 开启事物注解 -->
    <tx:annotation-driven transaction-manager="transactionManager"/>
    
    
    <!-- part2 -->
    <!-- Action的配置 -->
    <bean id="indexAction" class="com.sdu.covid2019.action.IndexAction" scope="prototype">
		<property name="categoryService" ref="categoryService"/>
	</bean>
	
	<bean id="infoAction" class="com.sdu.covid2019.action.InfoAction" scope="prototype">
		<property name="infoService" ref="infoService"/>
	</bean>
	
	<bean id="cmsInfoAction" class="com.sdu.covid2019CMS.action.CMSInfoAction" scope="prototype">
		<property name="cmsInfoService" ref="cmsInfoService"/>
	</bean>
    
    
    
    <!-- Service的配置 -->
    <bean id="categoryService" class="com.sdu.covid2019.service.CategoryService">
    	<property name="categoryDao" ref="categoryDao"/>
    </bean>
    <bean id="infoService" class="com.sdu.covid2019.service.InfoService">
    	<property name="infoDao" ref="infoDao"/>
    </bean>
    <bean id="cmsInfoService" class="com.sdu.covid2019CMS.service.CMSInfoService">
    	<property name="cmsInfoDao" ref="cmsInfoDao"/>
    </bean>
    
    
    
    
    <!-- Dao的配置 -->
    <bean id="categoryDao" class="com.sdu.covid2019.dao.CategoryDao">
    	<property name="sessionFactory" ref="sessionFactory"/>
    </bean>
    <bean id="infoDao" class="com.sdu.covid2019.dao.InfoDao">
    	<property name="sessionFactory" ref="sessionFactory"/>
    </bean>
    <bean id="cmsInfoDao" class="com.sdu.covid2019CMS.dao.CMSInfoDao">
    	<property name="sessionFactory" ref="sessionFactory"/>
    </bean>
</beans>