<?xml version="1.0" encoding="UTF-8"?>
<!DOCTYPE struts PUBLIC
    "-//Apache Software Foundation//DTD Struts Configuration 2.5//EN"
    "http://struts.apache.org/dtds/struts-2.5.dtd">
<struts>
	<constant name="struts.devMode" value="false"/>
	
    <!-- 默认函数 -->
    <package name="default" extends="struts-default">
        <default-action-ref name="hello" />
        <action name="hello">
			<result type="redirectAction">index</result>
		</action>
		<action name="index" class="indexAction">
			<result name="index">/WEB-INF/jsp/index.jsp</result>
		</action>
		
		<action name="info_findByDate" class="infoAction" method="findByDate">
			<result name="success">/jsp/page1.jsp</result>
		</action>
		
		<action name="cmsInfo_add" class="cmsInfoAction" method="add">
			<result name="success">/cms/add.jsp</result>
		</action>
    </package>
</struts>