<?xml version="1.0" encoding="UTF-8"?>
<!DOCTYPE hibernate-mapping PUBLIC 
	"-//Hibernate/Hibernate Mapping DTD 3.0//EN"
	"http://www.hibernate.org/dtd/hibernate-mapping-3.0.dtd">

<hibernate-mapping>
	<class name="com.sdu.covid2019.vo.Info" table="info">
		<id name="iid">
			<generator class="native"/>
		</id>
		<property name="idate"/>
		<property name="worldmap"/>
		<property name="chinamap"/>
		<property name="tiaoxing"/>
		<property name="zhexian"/>
		<property name="rosemap"/>
		<property name="number"/>
	
	</class>
</hibernate-mapping>